recipe_id,recipe_name,cuisine,category,spice_level,meal_type,is_vegetarian,is_vegan,is_gluten_free,is_halal,rating,calories,protein_g,carbohydrates_g,fat_g,fiber_g,sugar_g,sodium_mg,cholesterol_mg,vitamin_a_percent,vitamin_c_percent,calcium_percent,iron_percent,suitable_diabetes,suitable_hypertension,suitable_heart_disease,suitable_kidney_disease,suitable_acne,calorie_tier,compatible_omnivore,compatible_vegetarian,compatible_vegan,compatible_pescatarian,score_weight_loss,score_weight_gain,score_muscle_gain,score_maintain,cal_match_breakfast,cal_match_lunch,cal_match_dinner,cal_match_snack
RCP01000,Keema Matar,Pakistani,Main Course,Hot,Dinner,0,0,0,1,3.5,626.0,44.3,46.4,13.5,3.6,8.3,695.0,83.0,40,21,21,32,0,1,1,0,1,high,1,0,0,0,0.378,0.7604,0.8007,0.6727,0,1,0,0
RCP01001,Bonjan Salad,Afghan,Main Course,Mild,Lunch,0,0,0,1,4.4,422.0,41.4,34.0,27.9,8.9,6.7,672.0,62.0,26,23,26,21,1,1,0,0,0,medium,1,0,0,0,0.4996,0.6087,0.6551,0.9038,0,1,1,0
RCP01002,Club Sandwich,Western,Street Food,Mild,Lunch,0,0,1,0,4.2,458.0,18.5,29.8,22.9,4.3,5.1,416.0,39.0,11,12,6,35,1,1,0,1,0,medium,1,0,0,0,0.4196,0.4404,0.4467,0.5872,0,1,1,0
RCP01003,Pani Puri,Indian,Appetizers,Hot,Snack,0,0,0,1,4.7,140.0,17.8,14.4,14.1,4.2,3.5,555.0,39.0,10,13,24,31,1,1,1,1,1,very_low,1,0,0,0,0.6294,0.2358,0.258,0.3763,0,0,0,1
RCP01004,Kabuli Pulao,Afghan,Main Course,Very Hot,Dinner,0,0,1,1,3.8,361.0,49.7,29.6,14.2,7.5,2.9,715.0,71.0,39,4,33,10,1,1,0,0,1,medium,1,0,0,0,0.5843,0.6398,0.7033,0.8282,1,1,1,0
RCP01005,Fish Kofta,Afghan,Fish Dishes,Mild,Lunch,0,0,0,1,3.5,309.0,49.4,17.1,9.0,5.5,4.9,452.0,70.0,24,33,32,21,1,1,1,0,1,low,1,0,0,1,0.6015,0.6048,0.6706,0.7435,1,1,1,0
RCP01006,Grilled Salmon Afghan,Afghan,Fish Dishes,Hot,Dinner,0,0,0,1,4.3,218.0,35.6,20.9,9.9,3.2,5.6,849.0,65.0,39,46,5,40,1,0,0,0,1,low,1,0,0,1,0.5956,0.4329,0.4806,0.5813,1,0,0,1
RCP01007,Misti Paan,Bangladeshi,Desserts,Medium,Snack,1,1,0,1,3.9,264.0,2.4,33.4,16.1,2.8,24.1,123.0,33.0,21,5,8,37,0,1,1,1,0,low,1,1,1,1,0.5274,0.185,0.1749,0.27,1,0,1,1
RCP01008,Green Smoothie,Western,Beverages,Medium,Breakfast,1,0,0,0,3.7,193.0,7.2,38.0,2.6,1.4,30.0,130.0,8.0,32,30,27,30,0,1,1,1,0,very_low,1,1,0,1,0.6159,0.1806,0.1823,0.2357,1,0,0,1
RCP01009,Tandoori Bread,Afghan,Bread,Mild,Breakfast,1,0,0,1,4.5,278.0,6.0,52.9,7.9,4.1,5.2,325.0,36.0,16,20,35,24,1,1,1,1,1,low,1,1,0,1,0.5956,0.2238,0.2189,0.3478,1,0,1,1
RCP01010,Lassi,Bangladeshi,Beverages,Hot,Breakfast,1,0,0,1,3.8,110.0,9.5,31.0,3.9,0.0,5.8,161.0,10.0,3,4,4,39,1,1,1,1,1,very_low,1,1,0,1,0.6216,0.1479,0.1579,0.1683,0,0,0,1
RCP01011,Deconstructed Biryani,Fusion,Modern Fusion,Very Hot,Dinner,0,0,0,0,4.8,248.0,20.2,27.6,24.9,8.4,4.4,344.0,64.0,15,48,30,18,1,1,0,0,0,low,1,0,0,0,0.5946,0.3233,0.3437,0.5773,1,0,0,1
RCP01012,Sugarcane Juice,Pakistani,Beverages,Hot,Snack,1,0,0,1,4.0,172.0,6.4,35.0,7.5,1.7,30.7,77.0,19.0,9,43,24,35,0,1,1,1,0,very_low,1,1,0,1,0.603,0.1608,0.1623,0.2212,1,0,0,1
RCP01013,Alur Chop,Bangladeshi,Appetizers,Very Hot,Snack,0,0,1,1,4.2,184.0,9.9,22.4,10.2,2.1,8.1,760.0,27.0,28,11,14,5,1,1,0,0,1,very_low,1,0,0,0,0.5888,0.1975,0.2041,0.2742,1,0,0,1
RCP01014,Qorma,Afghan,Main Course,Very Hot,Lunch,1,1,0,1,3.9,610.0,37.8,25.6,11.4,6.0,7.9,808.0,96.0,31,34,8,21,0,0,0,0,1,high,1,1,1,1,0.4466,0.6963,0.7266,0.7213,0,1,0,0
RCP01015,Lemon Herb Rice,Western,Rice Dishes,Very Hot,Dinner,0,0,0,1,3.6,559.0,21.3,58.7,12.2,7.5,1.2,441.0,26.0,25,31,14,10,0,1,1,0,1,high,1,0,0,0,0.4973,0.5269,0.5324,0.6278,0,1,1,0
RCP01016,Protein Shake,Western,Beverages,Mild,Snack,1,0,0,0,5.0,137.0,3.7,28.7,0.8,0.1,25.1,156.0,9.0,25,35,19,4,0,1,1,1,0,very_low,1,1,0,1,0.6287,0.1165,0.1153,0.1308,0,0,0,1
RCP01017,Beef Steak,Western,Main Course,Hot,Lunch,0,0,0,0,3.8,424.0,32.9,37.4,17.6,8.0,6.9,499.0,52.0,2,37,33,15,1,1,1,0,1,medium,1,0,0,0,0.5424,0.5392,0.5713,0.8117,0,1,1,0
RCP01018,Jeera Rice,Indian,Rice Dishes,Very Hot,Lunch,0,0,1,1,4.5,572.0,21.8,70.7,9.2,5.9,7.4,321.0,32.0,15,27,11,11,0,1,1,0,1,high,1,0,0,0,0.4768,0.5392,0.5449,0.5842,0,1,1,0
RCP01019,Masala Shakshuka,Fusion,Modern Fusion,Medium,Dinner,0,0,0,0,4.5,328.0,21.5,29.0,18.0,9.0,6.3,293.0,29.0,31,17,20,29,1,1,1,0,1,low,1,0,0,0,0.608,0.3842,0.4024,0.6587,1,1,1,0
RCP01020,Muri Ghonto,Bangladeshi,Snacks,Mild,Snack,1,1,0,1,4.3,152.0,9.3,34.4,4.0,2.8,10.8,499.0,21.0,3,10,22,30,0,1,1,1,1,very_low,1,1,1,1,0.656,0.1725,0.1799,0.2643,1,0,0,1
RCP01021,Kabuli Pulao,Afghan,Rice Dishes,Medium,Lunch,0,0,0,1,4.5,579.0,28.7,46.1,23.5,7.9,3.4,692.0,61.0,35,11,34,9,0,1,0,0,0,high,1,0,0,0,0.4275,0.601,0.6179,0.6985,0,1,1,0
RCP01022,Masala Dosa,Indian,Street Food,Very Hot,Lunch,0,0,0,1,4.1,518.0,26.6,56.3,25.5,4.3,11.4,1071.0,39.0,27,3,15,17,0,0,0,0,0,high,1,0,0,0,0.374,0.5454,0.562,0.6282,0,1,1,0
RCP01023,Lamb Kebab,Afghan,Main Course,Very Hot,Lunch,0,0,0,1,3.7,486.0,31.9,39.7,16.1,5.4,3.8,755.0,52.0,37,11,25,36,1,1,0,0,1,medium,1,0,0,0,0.4684,0.5696,0.5967,0.73,0,1,1,0
RCP01024,Coconut Water,Bangladeshi,Beverages,Medium,Snack,1,1,0,1,4.8,218.0,5.1,22.7,6.1,2.8,26.0,38.0,20.0,36,6,7,4,0,1,1,1,0,low,1,1,1,1,0.6104,0.1788,0.1756,0.2663,1,0,0,1
RCP01025,Dahi Puri,Pakistani,Appetizers,Hot,Snack,0,0,0,1,4.1,288.0,14.6,46.5,10.0,7.5,4.4,771.0,46.0,11,35,17,33,1,1,0,0,1,low,1,0,0,0,0.646,0.3017,0.3106,0.5255,1,0,1,1
RCP01026,Kacchi Biryani,Bangladeshi,Rice Dishes,Very Hot,Dinner,0,0,0,1,3.9,486.0,22.7,61.3,22.0,6.6,2.4,591.0,61.0,4,9,17,23,1,1,0,0,0,medium,1,0,0,0,0.457,0.4929,0.5047,0.668,0,1,1,0
RCP01027,Lassi,Pakistani,Beverages,Hot,Breakfast,1,0,0,1,4.7,166.0,6.2,5.3,5.6,0.3,32.9,54.0,24.0,8,30,30,17,0,1,1,1,0,very_low,1,1,0,1,0.5894,0.1554,0.1569,0.1802,1,0,0,1
RCP01028,Chicken Biryani Dhaka Style,Bangladeshi,Rice Dishes,Hot,Dinner,0,0,0,1,4.1,450.0,33.0,67.8,24.6,2.1,4.4,613.0,37.0,20,21,4,23,1,1,0,0,0,medium,1,0,0,0,0.3694,0.5563,0.5871,0.6825,0,1,1,0
RCP01029,Rui Maach Jhol,Bangladeshi,Fish Dishes,Mild,Dinner,0,0,0,1,4.2,388.0,27.5,8.1,12.9,1.0,5.0,772.0,63.0,32,9,24,28,1,1,0,0,1,medium,1,0,0,1,0.4486,0.4717,0.4967,0.5587,1,1,1,0
RCP01030,Grilled Salmon,Western,Fish Dishes,Hot,Lunch,0,0,0,0,3.9,252.0,41.1,18.8,16.8,3.6,1.7,374.0,122.0,37,47,13,18,1,1,1,1,1,low,1,0,0,1,0.5452,0.5,0.555,0.658,1,0,1,1
RCP01031,Shorshe Ilish,Bangladeshi,Fish Dishes,Mild,Lunch,0,0,0,1,4.1,224.0,34.6,16.6,4.2,4.9,2.1,321.0,64.0,27,25,22,9,1,1,1,1,1,low,1,0,0,1,0.6608,0.4283,0.474,0.6178,1,0,0,1
RCP01032,Tandoori Pasta,Fusion,Main Course,Very Hot,Lunch,0,0,0,0,4.3,423.0,38.1,39.8,33.2,5.6,5.2,530.0,63.0,20,2,18,29,1,1,0,0,0,medium,1,0,0,0,0.4013,0.5819,0.6227,0.803,0,1,1,0
RCP01033,Kimchi Quesadilla,Fusion,Modern Fusion,Very Hot,Dinner,0,0,0,0,4.6,498.0,17.6,23.9,16.9,8.6,10.0,575.0,79.0,35,39,4,30,1,1,1,0,1,medium,1,0,0,0,0.5216,0.4579,0.4606,0.659,0,1,1,0
RCP01034,Labneh Dip,Fusion,Snacks,Mild,Snack,1,0,1,0,4.9,145.0,10.9,25.3,6.4,4.4,6.1,101.0,27.0,7,32,21,16,1,1,1,1,1,very_low,1,1,0,1,0.6771,0.1815,0.1919,0.3157,0,0,0,1
RCP01035,Coleslaw,Western,Appetizers,Medium,Lunch,0,0,0,0,4.0,326.0,8.3,46.0,5.9,5.9,11.2,340.0,37.0,10,37,26,26,0,1,1,0,1,low,1,0,0,0,0.6196,0.2729,0.2693,0.4478,1,1,1,0
RCP01036,Egg Curry,Indian,Main Course,Very Hot,Dinner,0,0,1,1,3.7,393.0,48.3,51.4,18.3,3.8,2.6,797.0,68.0,26,27,14,6,1,1,0,0,1,medium,1,0,0,0,0.4697,0.6481,0.7076,0.757,1,1,1,0
RCP01037,Sushi Burrito,Fusion,Modern Fusion,Very Hot,Dinner,0,0,0,0,3.7,496.0,34.1,39.2,12.6,8.9,9.9,709.0,57.0,15,39,13,12,1,1,0,0,1,medium,1,0,0,0,0.5544,0.5942,0.6244,0.8328,0,1,1,0
RCP01038,Naan,Bangladeshi,Bread,Mild,Breakfast,1,1,1,1,4.5,319.0,11.5,38.6,12.4,4.4,7.9,395.0,14.0,14,42,18,28,1,1,1,1,1,low,1,1,1,1,0.5541,0.2952,0.2973,0.4377,1,1,1,0
RCP01039,Chapli Kebab,Afghan,Street Food,Very Hot,Lunch,0,0,0,1,4.8,304.0,14.7,37.8,11.6,2.5,3.5,829.0,47.0,35,33,33,11,1,0,0,0,1,low,1,0,0,0,0.5284,0.3125,0.3207,0.4122,1,1,1,0
RCP01040,Afghan Naan,Afghan,Bread,Hot,Breakfast,1,0,1,1,3.5,195.0,6.3,54.1,17.4,3.0,3.4,211.0,3.0,8,49,14,34,1,1,1,1,1,very_low,1,1,0,1,0.5581,0.1744,0.1744,0.268,1,0,0,1
RCP01041,Curd Rice,Indian,Rice Dishes,Very Hot,Dinner,0,0,0,1,4.9,338.0,16.0,61.2,10.9,4.9,3.1,752.0,30.0,35,41,17,12,1,1,0,0,1,low,1,0,0,0,0.5636,0.3446,0.3531,0.5078,1,1,1,0
RCP01042,Fruit Salad,Western,Desserts,Very Hot,Snack,1,0,0,1,4.9,108.0,6.3,38.7,9.3,2.6,30.8,208.0,74.0,22,21,10,33,0,1,1,1,0,very_low,1,1,0,1,0.6422,0.12,0.1247,0.2,0,0,0,1
RCP01043,Green Tea,Bangladeshi,Beverages,Mild,Snack,1,0,1,1,3.9,67.0,3.7,13.3,1.9,0.6,8.8,170.0,7.0,2,3,23,33,1,1,1,1,1,very_low,1,1,0,1,0.6671,0.0727,0.0753,0.0967,0,0,0,0
RCP01044,Bolani Roll,Afghan,Street Food,Medium,Lunch,1,0,0,1,3.9,335.0,17.5,33.5,27.8,3.2,13.8,501.0,61.0,30,34,30,24,0,1,0,1,0,low,1,1,0,1,0.4297,0.3552,0.3664,0.4783,1,1,1,0
RCP01045,Parota,Bangladeshi,Bread,Medium,Breakfast,1,0,1,1,3.8,249.0,7.9,34.0,17.5,2.6,6.1,591.0,12.0,10,37,34,37,1,1,1,1,1,low,1,1,0,1,0.5225,0.2215,0.2213,0.31,1,0,0,1
RCP01046,Iced Coffee,Western,Beverages,Medium,Breakfast,1,0,0,0,3.8,41.0,2.1,14.1,1.4,0.5,5.8,167.0,15.0,40,21,6,31,1,1,1,1,1,very_low,1,1,0,1,0.6811,0.0431,0.0444,0.0608,0,0,0,0
RCP01047,Masala Fries,Fusion,Street Food,Medium,Lunch,0,0,0,1,4.7,440.0,11.2,42.2,20.0,6.1,9.1,454.0,36.0,4,46,26,31,1,1,0,0,1,medium,1,0,0,0,0.482,0.3683,0.3634,0.5578,0,1,1,0
RCP01048,Churros with Dip,Fusion,Desserts,Mild,Snack,1,0,0,0,3.6,129.0,2.8,51.1,22.3,2.7,36.1,370.0,73.0,2,4,14,39,0,1,0,1,0,very_low,1,1,0,1,0.5557,0.104,0.1017,0.1815,0,0,0,1
RCP01049,Sourdough Slice,Western,Bread,Very Hot,Breakfast,1,1,0,1,4.5,209.0,13.2,47.8,12.4,3.7,4.3,325.0,12.0,12,8,19,35,1,1,1,1,1,low,1,1,1,1,0.5951,0.2406,0.2514,0.3638,1,0,0,1
RCP01050,Mixed Nuts,Western,Snacks,Medium,Breakfast,1,0,0,0,4.5,256.0,3.9,23.1,11.6,3.9,15.9,270.0,18.0,31,26,35,10,0,1,1,1,0,low,1,1,0,1,0.5804,0.1925,0.1853,0.3072,1,0,1,1
RCP01051,Kimchi Fried Rice,Fusion,Rice Dishes,Very Hot,Dinner,0,0,0,0,4.9,315.0,12.6,55.7,10.6,7.8,6.2,620.0,53.0,36,19,26,12,1,1,1,0,1,low,1,0,0,0,0.6349,0.3019,0.306,0.531,1,1,1,0
RCP01052,Baked Tilapia,Western,Fish Dishes,Medium,Dinner,0,0,0,0,4.2,237.0,34.2,14.0,19.6,2.6,1.8,682.0,109.0,21,47,11,40,1,1,0,0,1,low,1,0,0,1,0.5159,0.4331,0.4774,0.565,1,0,0,1
RCP01053,Bombay Fish Fry,Indian,Fish Dishes,Very Hot,Lunch,0,0,0,1,3.8,458.0,41.5,20.1,5.5,2.7,3.6,481.0,110.0,38,35,23,5,1,1,1,1,1,medium,1,0,0,1,0.492,0.6321,0.6767,0.7622,0,1,1,0
RCP01054,Chicken Shawarma,Fusion,Street Food,Medium,Lunch,0,0,0,0,4.9,287.0,25.1,58.1,13.1,3.3,9.7,905.0,74.0,38,42,8,34,1,0,0,0,1,low,1,0,0,0,0.5439,0.3885,0.415,0.5248,1,0,1,1
RCP01055,Mango Lassi,Indian,Beverages,Medium,Breakfast,1,1,0,1,3.5,139.0,3.1,16.6,0.4,1.4,7.7,94.0,3.0,23,16,32,31,1,1,1,1,1,very_low,1,1,1,1,0.6561,0.1127,0.1104,0.1587,0,0,0,1
RCP01056,Jalebi,Indian,Desserts,Medium,Snack,1,1,0,1,4.2,164.0,7.2,33.7,14.2,1.8,17.6,242.0,44.0,30,27,3,25,0,1,1,1,0,very_low,1,1,1,1,0.5688,0.1625,0.1657,0.2263,1,0,0,1
RCP01057,Avocado Chaat,Fusion,Appetizers,Hot,Lunch,0,0,0,0,4.7,384.0,16.8,28.2,18.1,6.1,7.9,487.0,58.0,34,24,18,35,1,1,0,0,1,medium,1,0,0,0,0.5214,0.38,0.3874,0.5765,1,1,1,0
RCP01058,Zarda,Pakistani,Desserts,Very Hot,Snack,1,0,1,1,4.7,228.0,7.4,36.6,11.0,4.0,30.7,298.0,58.0,8,50,35,31,0,1,1,1,0,low,1,1,0,1,0.6,0.2042,0.2043,0.326,1,0,0,1
RCP01059,Chicken Biryani,Pakistani,Rice Dishes,Hot,Lunch,0,0,1,1,4.2,518.0,23.2,75.5,7.2,4.1,1.3,572.0,36.0,7,28,8,30,0,1,1,1,1,high,1,0,0,0,0.4798,0.5171,0.528,0.5892,0,1,1,0
RCP01060,Gyros Wrap,Fusion,Street Food,Hot,Lunch,1,0,0,1,4.9,371.0,23.9,31.8,9.6,6.4,11.2,546.0,28.0,26,35,12,24,0,1,1,0,1,medium,1,1,0,1,0.5849,0.431,0.451,0.6463,1,1,1,0
RCP01061,Coconut Rice,Fusion,Rice Dishes,Very Hot,Lunch,0,0,0,0,3.6,493.0,14.0,78.8,20.1,6.8,5.7,394.0,35.0,28,7,21,36,1,1,0,0,0,medium,1,0,0,0,0.4689,0.4248,0.4217,0.5813,0,1,1,0
RCP01062,Polao,Bangladeshi,Rice Dishes,Hot,Dinner,0,0,0,1,4.9,490.0,17.0,62.0,22.0,6.3,6.6,726.0,74.0,17,2,35,11,1,1,0,0,0,medium,1,0,0,0,0.449,0.4479,0.45,0.6008,0,1,1,0
RCP01063,Chicken Tikka Roll,Pakistani,Street Food,Very Hot,Lunch,0,0,0,1,4.1,345.0,15.2,41.0,25.2,3.9,5.5,696.0,65.0,36,20,31,33,1,1,0,0,0,low,1,0,0,0,0.4543,0.3423,0.3491,0.4795,1,1,1,0
RCP01064,Hakka Noodles,Indian,Indo-Chinese,Medium,Lunch,1,0,0,1,3.9,351.0,10.6,44.2,22.3,2.2,14.2,910.0,29.0,20,16,10,12,0,0,0,0,0,medium,1,1,0,1,0.4347,0.3077,0.3066,0.395,1,1,1,0
RCP01065,Chicken Rezala,Bangladeshi,Main Course,Hot,Dinner,0,0,1,1,4.1,407.0,45.5,25.7,33.3,4.6,4.6,643.0,77.0,33,16,29,13,1,1,0,0,0,medium,1,0,0,0,0.3887,0.6335,0.6876,0.7863,0,1,1,0
RCP01066,Bruschetta Mix,Fusion,Snacks,Mild,Breakfast,1,0,1,1,4.5,278.0,7.1,23.9,11.8,1.1,9.9,157.0,31.0,5,4,14,40,1,1,1,1,1,low,1,1,0,1,0.5122,0.2329,0.2299,0.2838,1,0,1,1
RCP01067,Tuna Steak,Western,Fish Dishes,Mild,Dinner,1,0,1,1,4.5,237.0,46.9,15.2,13.7,1.2,2.3,444.0,116.0,20,22,30,25,1,1,1,1,1,low,1,1,0,1,0.5233,0.539,0.6044,0.588,1,0,0,1
RCP01068,Apple Slices with PB,Western,Snacks,Mild,Snack,1,0,0,1,4.1,180.0,9.1,14.9,2.7,2.8,7.2,384.0,23.0,16,42,13,19,1,1,1,1,1,very_low,1,1,0,1,0.6498,0.1883,0.1939,0.281,1,0,0,1
RCP01069,Granola Bar,Western,Snacks,Hot,Snack,1,0,0,0,3.7,168.0,4.2,30.1,4.3,1.7,6.8,342.0,19.0,27,43,15,39,1,1,1,1,1,very_low,1,1,0,1,0.6242,0.14,0.138,0.1965,1,0,0,1
RCP01070,Chingri Malai Curry,Bangladeshi,Fish Dishes,Mild,Dinner,0,0,0,1,4.7,332.0,33.9,20.6,13.9,4.2,5.8,424.0,96.0,31,20,7,10,1,1,1,1,1,low,1,0,0,1,0.5346,0.49,0.5287,0.6653,1,1,1,0
RCP01071,Halwa,Afghan,Desserts,Mild,Snack,1,0,0,1,3.9,287.0,5.7,43.9,13.7,3.2,22.8,129.0,30.0,25,27,20,31,0,1,1,1,0,low,1,1,0,1,0.5383,0.2269,0.221,0.3283,1,0,1,1
RCP01072,Sambosa,Afghan,Appetizers,Mild,Lunch,1,0,0,1,4.6,407.0,11.8,32.7,17.6,4.2,7.8,212.0,35.0,3,31,4,6,1,1,1,1,1,medium,1,1,0,1,0.4749,0.3527,0.3506,0.4943,0,1,1,0
RCP01073,Fuchka,Bangladeshi,Street Food,Mild,Lunch,0,0,0,1,3.7,471.0,22.6,36.6,13.7,4.1,7.2,649.0,87.0,15,32,4,14,1,1,1,0,1,medium,1,0,0,0,0.4643,0.4827,0.4951,0.6145,0,1,1,0
RCP01074,Whole Wheat Toast,Western,Bread,Very Hot,Breakfast,1,0,0,0,4.4,199.0,11.2,42.5,17.4,5.0,5.5,244.0,21.0,4,9,8,40,1,1,1,1,1,very_low,1,1,0,1,0.5961,0.2177,0.2257,0.3697,1,0,0,1
RCP01075,Bhel Puri,Indian,Street Food,Hot,Lunch,0,0,0,1,4.5,484.0,17.9,55.2,23.9,4.2,14.8,911.0,63.0,34,41,11,5,0,0,0,0,0,medium,1,0,0,0,0.3986,0.4517,0.4556,0.5613,0,1,1,0
RCP01076,Roasted Nuts,Afghan,Snacks,Medium,Snack,1,0,0,1,4.2,206.0,4.1,10.2,8.0,5.1,16.4,502.0,13.0,18,19,31,27,0,1,1,0,0,low,1,1,0,1,0.651,0.1629,0.1587,0.3058,1,0,0,1
RCP01077,Hilsa Curry,Bangladeshi,Main Course,Mild,Dinner,0,0,0,1,3.6,577.0,44.9,45.7,32.0,6.1,8.4,1191.0,104.0,7,10,7,36,0,0,0,0,0,high,1,0,0,0,0.3415,0.7348,0.7787,0.7678,0,1,1,0
RCP01078,Bolani,Afghan,Appetizers,Hot,Lunch,0,0,0,1,4.9,154.0,7.1,43.8,20.0,7.8,4.1,549.0,29.0,23,36,32,30,1,1,0,0,1,very_low,1,0,0,0,0.659,0.1554,0.159,0.3687,1,0,0,1
RCP01079,Fried River Fish,Afghan,Fish Dishes,Mild,Dinner,0,0,0,1,4.9,307.0,29.9,5.5,16.5,3.9,1.9,336.0,115.0,19,31,3,8,1,1,1,1,1,low,1,0,0,1,0.5255,0.441,0.4744,0.6012,1,1,1,0
RCP01080,Potato Bourani,Afghan,Appetizers,Mild,Snack,1,0,0,1,4.1,261.0,14.5,13.4,10.1,4.1,8.9,392.0,16.0,22,39,20,24,1,1,1,1,1,low,1,1,0,1,0.5909,0.284,0.2941,0.4215,1,0,1,1
RCP01081,Roasted Channa,Pakistani,Snacks,Mild,Breakfast,1,0,0,1,4.0,139.0,2.7,33.6,5.5,2.9,16.1,269.0,4.0,10,30,30,27,0,1,1,1,0,very_low,1,1,0,1,0.6555,0.1094,0.1064,0.1922,0,0,0,1
RCP01082,Crispy Corn,Fusion,Indo-Chinese,Very Hot,Lunch,1,0,1,0,4.7,537.0,19.0,43.7,13.4,4.9,16.7,994.0,43.0,5,2,21,11,0,0,0,0,0,high,1,1,0,1,0.4491,0.494,0.4969,0.5545,0,1,1,0
RCP01083,Beguni,Bangladeshi,Appetizers,Hot,Lunch,0,0,0,1,4.8,264.0,21.4,18.0,21.8,7.0,4.7,298.0,54.0,20,25,14,4,1,1,0,0,0,low,1,0,0,0,0.5772,0.3433,0.3649,0.565,1,0,1,1
RCP01084,Shingara,Bangladeshi,Appetizers,Hot,Snack,0,0,1,1,3.7,136.0,12.7,32.5,20.7,5.6,4.6,751.0,64.0,25,25,19,13,1,1,0,0,0,very_low,1,0,0,0,0.6198,0.1908,0.2047,0.3577,0,0,0,1
RCP01085,Aam Pora Shorbot,Bangladeshi,Beverages,Hot,Breakfast,1,0,1,1,4.0,169.0,2.7,10.1,2.9,1.5,5.5,120.0,7.0,40,41,24,39,1,1,1,1,1,very_low,1,1,0,1,0.6281,0.1281,0.1236,0.1772,1,0,0,1
RCP01086,Tokhum Badrung,Afghan,Snacks,Medium,Snack,1,1,1,1,4.3,232.0,5.7,13.1,6.7,4.9,7.1,336.0,10.0,6,39,20,27,1,1,1,1,1,low,1,1,1,1,0.6418,0.1925,0.1896,0.3342,1,0,0,1
RCP01087,Spanish Rice,Western,Rice Dishes,Medium,Dinner,0,0,0,0,3.8,431.0,10.5,46.0,13.0,5.0,4.7,355.0,60.0,8,41,31,12,1,1,1,1,1,medium,1,0,0,0,0.5065,0.3569,0.3513,0.5173,0,1,1,0
RCP01088,Zarda Pulao,Pakistani,Rice Dishes,Hot,Dinner,0,0,0,1,3.7,468.0,19.3,55.7,19.2,4.7,5.3,511.0,31.0,11,43,34,5,1,1,0,1,1,medium,1,0,0,0,0.4448,0.4533,0.4604,0.5985,0,1,1,0
RCP01089,Spring Roll,Indian,Indo-Chinese,Mild,Lunch,0,0,0,1,4.4,320.0,14.9,40.7,17.8,4.4,15.5,641.0,55.0,35,40,22,34,0,1,1,0,0,low,1,0,0,0,0.5212,0.3242,0.3319,0.4723,1,1,1,0
RCP01090,Celery Sticks,Western,Snacks,Medium,Breakfast,1,1,0,1,4.8,105.0,11.0,18.0,2.1,3.7,10.4,387.0,4.0,28,12,7,15,0,1,1,1,1,very_low,1,1,1,1,0.7089,0.1573,0.17,0.2725,0,0,0,1
RCP01091,Sindhi Biryani,Pakistani,Rice Dishes,Medium,Lunch,0,0,0,1,3.7,498.0,23.7,72.9,13.0,2.6,5.2,855.0,31.0,26,44,24,25,1,0,0,0,1,medium,1,0,0,0,0.425,0.5088,0.5216,0.57,0,1,1,0
RCP01092,Tomato Soup,Western,Appetizers,Mild,Snack,0,0,0,0,4.0,223.0,16.8,30.6,20.3,3.7,2.9,624.0,75.0,18,34,33,14,1,1,0,0,0,low,1,0,0,0,0.5407,0.2794,0.2954,0.4092,1,0,0,1
RCP01093,Nasi Goreng,Fusion,Rice Dishes,Mild,Dinner,1,0,0,1,3.7,436.0,20.5,52.4,7.0,3.4,6.5,698.0,22.0,13,27,6,30,1,1,1,0,1,medium,1,1,0,1,0.508,0.4433,0.4541,0.5807,0,1,1,0
RCP01094,Rose Milk,Indian,Beverages,Mild,Snack,1,0,0,1,4.7,177.0,3.4,14.5,7.9,2.7,8.0,157.0,14.0,30,17,13,9,1,1,1,1,1,very_low,1,1,0,1,0.6181,0.139,0.1351,0.2195,1,0,0,1
RCP01095,Poori,Indian,Bread,Hot,Breakfast,1,0,0,1,4.9,200.0,10.4,50.9,10.2,4.2,5.6,200.0,11.0,35,18,14,36,1,1,1,1,1,low,1,1,0,1,0.6228,0.2117,0.2183,0.3423,1,0,0,1
RCP01096,Qabili Uzbaki,Afghan,Rice Dishes,Medium,Lunch,0,0,0,1,4.4,338.0,34.9,47.6,6.1,4.1,1.4,724.0,85.0,11,37,10,28,1,1,0,0,1,low,1,0,0,0,0.5764,0.5021,0.5421,0.6768,1,1,1,0
RCP01097,Caprese Salad,Western,Appetizers,Hot,Lunch,0,0,0,0,4.5,130.0,19.6,25.0,14.2,6.2,10.5,351.0,45.0,19,29,7,10,0,1,1,0,1,very_low,1,0,0,0,0.6738,0.2446,0.2703,0.4377,0,0,0,1
RCP01098,Korean Samosa,Fusion,Appetizers,Very Hot,Lunch,1,1,0,0,4.8,237.0,15.0,15.1,8.7,7.7,8.0,210.0,39.0,23,13,5,6,1,1,1,0,1,low,1,1,1,1,0.6833,0.2731,0.2854,0.5005,1,0,0,1
RCP01099,Palak Paneer,Indian,Main Course,Very Hot,Lunch,1,0,0,1,3.6,604.0,33.9,39.4,21.7,9.7,7.4,1143.0,70.0,16,46,19,15,0,0,0,0,0,high,1,1,0,1,0.4618,0.66,0.6841,0.7788,0,1,0,0
RCP01100,Aloo Samosa,Pakistani,Appetizers,Hot,Lunch,1,0,0,1,3.9,194.0,11.1,31.4,8.1,5.7,4.4,454.0,11.0,27,16,26,8,1,1,1,0,1,very_low,1,1,0,1,0.6684,0.2137,0.2219,0.3828,1,0,0,1
RCP01101,Meen Curry,Indian,Fish Dishes,Medium,Dinner,1,1,0,1,4.8,333.0,36.5,7.5,18.0,5.8,2.9,360.0,89.0,14,4,12,33,1,1,1,0,1,low,1,1,1,1,0.5415,0.5123,0.5553,0.732,1,1,1,0
RCP01102,Coconut Water,Indian,Beverages,Mild,Breakfast,1,0,0,1,5.0,182.0,2.6,27.7,0.5,0.9,26.2,113.0,19.0,22,38,21,12,0,1,1,1,0,very_low,1,1,0,1,0.624,0.1354,0.13,0.1698,1,0,0,1
RCP01103,Loaded Nachos,Fusion,Street Food,Medium,Lunch,1,1,0,0,4.5,395.0,17.7,43.4,13.7,2.9,4.9,937.0,78.0,14,31,21,28,1,0,0,0,1,medium,1,1,1,1,0.4783,0.3944,0.4027,0.5128,1,1,1,0
RCP01104,Grain Bowl,Western,Modern Fusion,Medium,Dinner,0,0,0,0,4.5,551.0,32.6,39.1,20.9,6.3,8.9,548.0,35.0,21,9,26,13,0,1,0,0,0,high,1,0,0,0,0.4251,0.616,0.6409,0.7162,0,1,1,0
RCP01105,Mango Salsa,Fusion,Appetizers,Hot,Snack,0,0,0,0,3.9,288.0,19.0,35.1,23.5,6.6,9.9,457.0,19.0,27,38,27,11,1,1,0,0,0,low,1,0,0,0,0.547,0.3383,0.3546,0.547,1,0,1,1
RCP01106,Puffed Rice Mix,Bangladeshi,Snacks,Hot,Breakfast,1,0,1,1,4.7,279.0,11.2,13.2,10.1,2.8,5.3,123.0,34.0,4,24,10,20,1,1,1,1,1,low,1,1,0,1,0.5559,0.2677,0.2714,0.368,1,0,1,1
RCP01107,Chicken Fried Rice,Western,Rice Dishes,Very Hot,Lunch,1,1,1,0,4.6,396.0,17.1,55.0,8.2,7.3,1.9,814.0,33.0,20,41,9,33,1,0,0,0,1,medium,1,1,1,1,0.5988,0.39,0.3973,0.6175,1,1,1,0
RCP01108,Matcha Latte,Fusion,Beverages,Mild,Snack,1,0,0,0,3.6,176.0,5.1,32.4,5.3,0.1,11.0,66.0,15.0,27,49,21,5,0,1,1,1,1,very_low,1,1,0,1,0.5822,0.1525,0.1516,0.1708,1,0,0,1
RCP01109,Pakora,Pakistani,Appetizers,Medium,Snack,0,0,0,1,4.5,197.0,6.8,45.6,20.9,3.9,10.3,288.0,43.0,34,12,27,14,0,1,0,1,0,very_low,1,0,0,0,0.5541,0.1798,0.1806,0.2968,1,0,0,1
RCP01110,Daal Makhani,Pakistani,Main Course,Medium,Lunch,1,0,1,1,4.9,463.0,46.1,41.3,21.3,4.8,8.4,867.0,111.0,23,3,9,35,1,0,0,0,0,medium,1,1,0,1,0.4367,0.6735,0.7256,0.8113,0,1,1,0
RCP01111,Qaimaq Chai,Afghan,Beverages,Hot,Snack,1,0,0,1,4.0,74.0,5.3,26.9,0.8,2.0,10.6,169.0,15.0,30,20,30,35,0,1,1,1,1,very_low,1,1,0,1,0.6982,0.0904,0.0953,0.1523,0,0,0,0
RCP01112,Methi Chicken,Indian,Main Course,Medium,Dinner,1,1,0,1,4.5,625.0,32.1,31.1,12.5,7.9,7.3,994.0,117.0,37,6,32,23,0,0,0,0,1,high,1,1,1,1,0.4705,0.6581,0.6781,0.7018,0,1,0,0
RCP01113,Fusion Flatbread,Fusion,Bread,Mild,Breakfast,1,1,0,1,4.1,221.0,10.0,55.1,7.6,3.1,7.1,436.0,13.0,39,34,3,20,1,1,1,1,1,low,1,1,1,1,0.6059,0.2215,0.2263,0.3248,1,0,0,1
RCP01114,Paye,Pakistani,Main Course,Very Hot,Lunch,0,0,0,1,4.1,489.0,35.9,53.4,23.5,6.4,4.4,1024.0,101.0,7,45,12,13,1,0,0,0,0,medium,1,0,0,0,0.4425,0.6048,0.6384,0.793,0,1,1,0
RCP01115,Caesar Salad,Western,Appetizers,Hot,Snack,0,0,0,1,4.7,93.0,8.2,36.3,11.2,5.4,9.8,652.0,44.0,36,48,35,34,1,1,1,0,1,very_low,1,0,0,0,0.6943,0.1265,0.1351,0.279,0,0,0,1
RCP01116,Edamame,Fusion,Snacks,Medium,Snack,1,0,1,1,5.0,187.0,9.5,29.5,14.9,4.4,10.5,380.0,28.0,6,13,34,32,0,1,1,1,1,very_low,1,1,0,1,0.6051,0.196,0.2019,0.3297,1,0,0,1
RCP01117,Begun Bhaja,Bangladeshi,Main Course,Mild,Dinner,1,1,0,1,4.3,578.0,25.2,46.1,25.4,7.2,2.2,811.0,43.0,22,30,20,17,0,0,0,0,0,high,1,1,1,1,0.4026,0.5713,0.5823,0.6467,0,1,1,0
RCP01118,Mexican Rice Bowl,Fusion,Rice Dishes,Mild,Dinner,0,0,0,0,3.7,486.0,30.1,47.8,12.8,5.9,2.7,402.0,65.0,16,38,16,20,1,1,1,0,1,medium,1,0,0,0,0.4982,0.5546,0.5787,0.7245,0,1,1,0
RCP01119,Pasta Bolognese,Western,Main Course,Mild,Dinner,1,0,0,0,4.6,605.0,46.9,37.3,34.7,9.1,6.5,1103.0,89.0,4,44,35,26,0,0,0,0,0,high,1,1,0,1,0.3713,0.769,0.8147,0.8242,0,1,0,0
RCP01120,Paneer Tikka Masala,Indian,Main Course,Medium,Dinner,0,0,1,1,4.3,455.0,43.3,47.9,25.5,8.5,3.2,800.0,60.0,32,41,13,14,1,1,0,0,0,medium,1,0,0,0,0.4895,0.6452,0.693,0.9092,0,1,1,0
RCP01121,Chana Chaat,Pakistani,Snacks,Hot,Breakfast,1,0,0,1,4.3,204.0,7.2,30.5,2.1,3.4,13.1,189.0,27.0,14,50,19,7,0,1,1,1,0,low,1,1,0,1,0.6534,0.1875,0.1886,0.293,1,0,0,1
RCP01122,Moong Dal,Pakistani,Snacks,Very Hot,Snack,1,0,0,1,4.4,83.0,12.1,25.1,13.4,2.2,16.7,297.0,31.0,16,24,18,16,0,1,1,1,0,very_low,1,1,0,1,0.6221,0.1527,0.1684,0.2313,0,0,0,1
RCP01123,Sev Puri,Indian,Street Food,Mild,Lunch,0,0,0,1,4.4,367.0,23.2,30.0,12.1,6.9,9.7,1069.0,45.0,20,45,34,26,1,0,0,0,1,medium,1,0,0,0,0.5819,0.4227,0.4417,0.6492,1,1,1,0
RCP01124,Kung Pao Chicken,Fusion,Main Course,Hot,Lunch,0,0,0,0,3.9,466.0,25.9,54.2,12.2,7.5,3.8,916.0,48.0,4,3,8,12,1,0,0,0,1,medium,1,0,0,0,0.5438,0.5071,0.5253,0.7358,0,1,1,0
RCP01125,Tiramisu,Fusion,Desserts,Very Hot,Snack,1,1,0,0,3.7,105.0,4.1,37.8,15.1,1.3,28.6,264.0,22.0,21,43,30,25,0,1,1,1,0,very_low,1,1,1,1,0.5829,0.0998,0.101,0.1435,0,0,0,1
RCP01126,Hyderabadi Biryani,Indian,Rice Dishes,Hot,Lunch,0,0,0,1,3.7,514.0,26.8,73.1,24.6,4.1,4.1,794.0,44.0,14,3,28,30,0,1,0,0,0,high,1,0,0,0,0.3774,0.5446,0.5617,0.6278,0,1,1,0
RCP01127,Lamb Chops,Pakistani,Main Course,Very Hot,Dinner,0,0,0,1,4.1,369.0,36.0,54.8,24.5,3.2,9.1,508.0,72.0,36,35,32,19,1,1,0,1,0,medium,1,0,0,0,0.4325,0.5306,0.5709,0.686,1,1,1,0
RCP01128,Beef Haleem,Pakistani,Main Course,Very Hot,Dinner,0,0,0,1,4.2,588.0,47.1,53.8,16.0,6.6,2.8,551.0,73.0,32,29,12,17,0,1,1,0,1,high,1,0,0,0,0.442,0.76,0.807,0.773,0,1,1,0
RCP01129,Lemon Soda,Pakistani,Beverages,Medium,Breakfast,1,0,0,1,4.8,69.0,6.9,29.7,1.0,1.8,8.8,93.0,9.0,4,22,17,24,1,1,1,1,1,very_low,1,1,0,1,0.6955,0.1006,0.1084,0.16,0,0,0,0
RCP01130,Thai Fish Cakes,Fusion,Fish Dishes,Very Hot,Dinner,1,0,0,0,3.6,267.0,47.3,20.8,19.1,1.2,1.8,528.0,103.0,15,7,11,22,1,1,0,1,1,low,1,1,0,1,0.4759,0.561,0.6256,0.608,1,0,1,1
RCP01131,Desi Burger,Fusion,Main Course,Very Hot,Dinner,0,0,1,0,3.8,432.0,38.0,26.3,19.1,6.6,7.5,644.0,112.0,8,4,32,40,1,1,0,0,1,medium,1,0,0,0,0.5014,0.5867,0.6269,0.833,0,1,1,0
RCP01132,Borani Banjan,Afghan,Appetizers,Mild,Snack,0,0,0,1,3.5,145.0,12.5,27.2,15.5,3.1,11.5,274.0,49.0,30,42,30,39,0,1,1,1,1,very_low,1,0,0,0,0.5965,0.1948,0.2079,0.2992,0,0,0,1
RCP01133,Tomato Rice,Indian,Rice Dishes,Mild,Dinner,0,0,0,1,4.8,333.0,26.6,53.7,22.9,2.2,4.5,886.0,84.0,31,31,18,31,1,0,0,0,0,low,1,0,0,0,0.4401,0.4298,0.4563,0.543,1,1,1,0
RCP01134,Kabuli Pulao,Pakistani,Rice Dishes,Hot,Dinner,0,0,0,1,4.1,348.0,16.7,61.9,14.7,6.5,6.4,434.0,74.0,29,41,24,27,1,1,1,0,1,low,1,0,0,0,0.5678,0.3567,0.3659,0.5615,1,1,1,0
RCP01135,Bruschetta,Western,Appetizers,Mild,Lunch,0,0,0,1,4.5,330.0,12.4,35.1,11.3,7.1,10.6,632.0,41.0,9,23,24,20,0,1,1,0,1,low,1,0,0,0,0.6092,0.3096,0.3126,0.5215,1,1,1,0
RCP01136,BLT Sandwich,Western,Street Food,Medium,Lunch,1,0,0,1,4.9,454.0,17.6,31.9,8.7,6.6,9.4,422.0,61.0,30,46,16,22,1,1,1,0,1,medium,1,1,0,1,0.5528,0.4304,0.4354,0.6383,0,1,1,0
RCP01137,Fried River Fish,Afghan,Fish Dishes,Medium,Lunch,0,0,1,1,4.3,199.0,39.5,18.3,16.5,5.2,2.1,567.0,120.0,38,45,11,33,1,1,1,0,1,very_low,1,0,0,1,0.6055,0.4535,0.5087,0.6577,1,0,0,1
RCP01138,Greek Salad,Western,Appetizers,Very Hot,Snack,0,0,1,1,4.8,215.0,6.2,42.7,18.1,2.4,3.7,808.0,43.0,30,49,9,34,1,0,0,0,1,low,1,0,0,0,0.5319,0.186,0.1849,0.2653,1,0,0,1
RCP01139,Veg Manchurian,Indian,Indo-Chinese,Very Hot,Lunch,0,0,0,1,3.6,468.0,21.4,53.7,8.0,3.1,14.1,936.0,32.0,28,3,3,29,0,0,0,0,0,medium,1,0,0,0,0.48,0.4708,0.4814,0.5795,0,1,1,0
RCP01140,Kerala Fish Fry,Indian,Fish Dishes,Very Hot,Dinner,0,0,0,1,4.1,255.0,28.5,16.1,16.0,3.3,4.3,721.0,82.0,10,28,22,22,1,1,0,0,1,low,1,0,0,1,0.5425,0.3969,0.4307,0.5375,1,0,1,1
RCP01141,Chicken Chettinad,Indian,Main Course,Medium,Lunch,0,0,0,1,4.9,400.0,46.5,20.3,26.9,4.5,6.6,721.0,83.0,3,33,28,10,1,1,0,0,0,medium,1,0,0,0,0.4286,0.6375,0.6936,0.7792,1,1,1,0
RCP01142,Patishapta,Bangladeshi,Desserts,Hot,Snack,1,0,0,1,3.8,187.0,2.7,50.6,15.9,2.3,24.0,82.0,22.0,10,43,15,26,0,1,1,1,0,very_low,1,1,0,1,0.5571,0.1394,0.1339,0.2092,1,0,0,1
RCP01143,Chomchom,Bangladeshi,Desserts,Hot,Snack,1,1,0,1,4.3,193.0,7.4,50.0,16.7,1.2,34.8,145.0,45.0,32,47,5,25,0,1,1,1,0,very_low,1,1,1,1,0.5273,0.1823,0.1843,0.2327,1,0,0,1
RCP01144,Shola,Afghan,Rice Dishes,Medium,Dinner,0,0,0,1,4.0,561.0,12.6,52.2,5.1,4.0,7.5,779.0,22.0,31,34,14,28,0,1,0,0,1,high,1,0,0,0,0.4689,0.4556,0.4466,0.452,0,1,1,0
RCP01145,Sprouts Chaat,Indian,Snacks,Very Hot,Snack,1,1,0,1,4.2,127.0,13.6,17.3,13.2,5.4,10.3,561.0,11.0,14,28,21,20,0,1,1,0,1,very_low,1,1,1,1,0.6653,0.1927,0.2086,0.3557,0,0,0,1
RCP01146,Chotpoti,Bangladeshi,Appetizers,Very Hot,Snack,1,0,0,1,4.1,208.0,8.1,35.4,6.7,7.4,2.8,823.0,45.0,30,15,5,28,1,0,0,0,1,low,1,1,0,1,0.7038,0.1975,0.1999,0.4047,1,0,0,1
RCP01147,Chicken Kosha,Bangladeshi,Main Course,Mild,Lunch,0,0,0,1,4.4,609.0,32.2,34.2,17.3,8.1,9.8,1074.0,79.0,4,10,22,25,0,0,0,0,1,high,1,0,0,0,0.4537,0.649,0.67,0.7185,0,1,0,0
RCP01148,Goan Fish Curry,Indian,Fish Dishes,Medium,Dinner,1,0,0,1,4.3,326.0,34.5,4.4,19.9,1.8,5.4,649.0,108.0,29,21,4,15,1,1,0,0,1,low,1,1,0,1,0.4536,0.4912,0.5313,0.6073,1,1,1,0
RCP01149,Paneer Tikka,Indian,Appetizers,Medium,Lunch,0,0,1,1,4.9,196.0,21.5,14.6,14.8,2.2,7.3,276.0,72.0,27,4,9,31,1,1,1,1,1,very_low,1,0,0,0,0.5572,0.3017,0.327,0.4007,1,0,0,1
RCP01150,Chilli Chicken,Indian,Indo-Chinese,Mild,Lunch,1,0,1,1,4.9,369.0,10.9,31.2,13.4,6.9,14.7,541.0,64.0,2,40,3,34,0,1,1,0,0,medium,1,1,0,1,0.5731,0.3215,0.3199,0.5275,1,1,1,0
RCP01151,Dabeli,Indian,Street Food,Medium,Lunch,1,0,1,1,4.8,418.0,27.4,53.7,15.5,2.7,6.5,632.0,39.0,34,22,23,27,1,1,1,0,1,medium,1,1,0,1,0.452,0.4896,0.5129,0.6202,0,1,1,0
RCP01152,Bhapa Ilish,Bangladeshi,Fish Dishes,Mild,Lunch,0,0,1,1,4.2,189.0,35.2,21.6,10.8,1.5,1.9,472.0,101.0,30,21,34,29,1,1,1,1,1,very_low,1,0,0,1,0.5707,0.4115,0.46,0.5155,1,0,0,1
RCP01153,Mushroom Risotto,Western,Rice Dishes,Very Hot,Lunch,1,0,0,0,3.9,379.0,18.1,71.9,14.5,7.6,3.3,866.0,82.0,26,23,24,35,1,0,0,0,1,medium,1,1,0,1,0.5755,0.3877,0.3976,0.6237,1,1,1,0
RCP01154,Miso Glazed Chicken,Fusion,Main Course,Medium,Dinner,1,0,0,1,3.7,368.0,52.8,45.9,30.3,6.1,7.8,973.0,64.0,38,4,27,20,1,0,0,0,0,medium,1,1,0,1,0.4562,0.67,0.7383,0.7978,1,1,1,0
RCP01155,Aloo Mutter,Indian,Main Course,Medium,Lunch,0,0,0,1,4.5,380.0,30.6,49.5,25.5,7.3,9.5,1113.0,115.0,4,12,28,27,1,0,0,0,0,medium,1,0,0,0,0.503,0.4925,0.5231,0.7418,1,1,1,0
RCP01156,Besan Ladoo,Indian,Desserts,Mild,Snack,1,0,0,1,3.5,251.0,9.0,55.6,12.4,1.0,41.1,249.0,29.0,39,35,4,36,0,1,1,1,0,low,1,1,0,1,0.5201,0.2319,0.2334,0.2823,1,0,1,1
RCP01157,Kashmiri Chai,Pakistani,Beverages,Medium,Snack,1,1,0,1,4.2,215.0,6.9,5.3,3.4,1.2,20.2,84.0,6.0,12,9,6,27,0,1,1,1,0,low,1,1,1,1,0.5961,0.1919,0.1919,0.2423,1,0,0,1
RCP01158,Lemon Butter Prawns,Fusion,Fish Dishes,Medium,Lunch,0,0,1,0,3.6,400.0,44.1,11.4,11.1,3.6,3.7,830.0,95.0,31,35,18,9,1,0,0,0,1,medium,1,0,0,1,0.5054,0.6175,0.6696,0.7567,1,1,1,0
RCP01159,Ghugni,Bangladeshi,Street Food,Hot,Lunch,0,0,0,1,3.8,405.0,12.6,34.7,18.0,3.0,4.2,539.0,69.0,19,43,26,15,1,1,1,1,1,medium,1,0,0,0,0.4495,0.3581,0.3574,0.471,0,1,1,0
RCP01160,Banana Bread,Western,Desserts,Very Hot,Snack,1,0,0,0,4.3,225.0,6.2,59.2,10.1,1.9,43.5,204.0,28.0,25,25,12,35,0,1,1,1,0,low,1,1,0,1,0.5649,0.1923,0.1906,0.2595,1,0,0,1
RCP01161,Chanachur,Bangladeshi,Snacks,Very Hot,Breakfast,1,0,1,1,4.4,101.0,4.1,19.7,14.3,5.5,4.4,345.0,21.0,7,14,17,35,1,1,1,0,1,very_low,1,1,0,1,0.6737,0.0973,0.0987,0.2458,0,0,0,1
RCP01162,Hara Bhara Kabab,Indian,Appetizers,Hot,Lunch,1,1,0,1,3.7,295.0,20.4,13.3,24.7,7.7,3.3,564.0,43.0,14,49,4,23,1,1,0,0,0,low,1,1,1,1,0.5583,0.3544,0.3726,0.5932,1,0,1,1
RCP01163,Honey Chilli Potato,Fusion,Indo-Chinese,Medium,Lunch,1,1,1,0,4.5,347.0,14.6,51.5,21.3,6.5,10.0,1064.0,51.0,22,24,33,32,1,0,0,0,0,low,1,1,1,1,0.5287,0.3385,0.3443,0.5398,1,1,1,0
RCP01164,Miso Glazed Salmon,Fusion,Fish Dishes,Hot,Dinner,1,0,0,0,4.8,427.0,34.3,18.9,8.4,5.8,2.6,754.0,102.0,39,21,8,23,1,1,0,0,1,medium,1,1,0,1,0.5521,0.5527,0.587,0.7727,0,1,1,0
RCP01165,Sushi Pakora,Fusion,Appetizers,Mild,Lunch,0,0,1,0,3.9,189.0,6.2,18.7,21.0,6.1,2.7,677.0,52.0,38,20,29,9,1,1,0,0,0,very_low,1,0,0,0,0.6015,0.1698,0.17,0.3405,1,0,0,1
RCP01166,Machli Masala,Pakistani,Fish Dishes,Medium,Lunch,0,0,0,1,4.0,430.0,42.6,7.2,4.0,5.1,3.2,671.0,109.0,6,35,23,11,1,1,1,0,1,medium,1,0,0,1,0.563,0.6238,0.6717,0.8142,0,1,1,0
RCP01167,Gajar Halwa,Pakistani,Desserts,Hot,Snack,1,0,1,1,4.2,83.0,9.5,52.8,9.5,3.3,32.8,106.0,60.0,5,48,5,28,0,1,1,1,0,very_low,1,1,0,1,0.6675,0.131,0.1424,0.2328,0,0,0,1
RCP01168,Piyaju,Bangladeshi,Appetizers,Medium,Lunch,1,0,0,1,4.3,397.0,18.3,13.3,11.2,5.4,5.4,684.0,71.0,2,30,20,39,1,1,1,0,1,medium,1,1,0,1,0.5423,0.4006,0.4099,0.5827,1,1,1,0
RCP01169,Bun Kebab,Pakistani,Street Food,Medium,Lunch,1,0,0,1,4.7,500.0,21.6,31.9,27.1,3.4,12.1,1007.0,67.0,40,29,14,6,0,0,0,0,0,high,1,1,0,1,0.3554,0.4925,0.5017,0.5677,0,1,1,0
RCP01170,Taco Chaat,Fusion,Appetizers,Medium,Lunch,1,1,0,0,4.4,238.0,21.9,13.1,17.9,7.1,3.3,579.0,15.0,3,38,3,21,1,1,1,0,1,low,1,1,1,1,0.6156,0.3312,0.355,0.5552,1,0,0,1
RCP01171,Brown Rice Bowl,Western,Rice Dishes,Hot,Dinner,0,0,0,0,4.6,458.0,26.8,75.8,12.3,7.9,5.4,447.0,30.0,5,42,22,28,1,1,1,0,1,medium,1,0,0,0,0.5552,0.5096,0.5297,0.7602,0,1,1,0
RCP01172,Chicken Caesar Wrap,Western,Main Course,Medium,Lunch,0,0,0,1,4.9,563.0,51.5,30.3,23.2,8.6,5.2,508.0,54.0,8,46,8,12,0,1,0,0,0,high,1,0,0,0,0.4513,0.781,0.8367,0.8397,0,1,1,0
RCP01173,Chicken Manchow Soup,Fusion,Indo-Chinese,Hot,Lunch,1,0,0,0,4.5,375.0,17.2,43.5,6.9,6.0,16.5,759.0,22.0,25,37,30,22,0,1,0,0,0,medium,1,1,0,1,0.5911,0.3777,0.3863,0.572,1,1,1,0
RCP01174,Chicken Karahi,Pakistani,Main Course,Hot,Lunch,1,0,0,1,4.3,474.0,51.8,29.5,12.4,7.8,6.0,639.0,103.0,24,30,6,32,1,1,1,0,1,medium,1,1,0,1,0.5446,0.7279,0.7889,0.879,0,1,1,0
RCP01175,Vegetable Pakora,Pakistani,Appetizers,Medium,Lunch,1,0,0,1,4.4,351.0,18.5,30.0,25.0,6.2,8.4,306.0,66.0,11,43,14,27,1,1,0,0,0,medium,1,1,0,1,0.4985,0.3735,0.3856,0.574,1,1,1,0
RCP01176,Veggie Burger,Western,Main Course,Very Hot,Dinner,0,0,0,0,4.9,368.0,36.7,33.0,22.3,3.6,2.8,1087.0,55.0,2,40,5,35,1,0,0,0,0,medium,1,0,0,0,0.4542,0.5358,0.5773,0.7023,1,1,1,0
RCP01177,Nimki,Bangladeshi,Snacks,Medium,Snack,1,0,0,1,4.7,101.0,3.1,18.7,14.7,4.6,7.8,565.0,14.0,28,2,15,32,1,1,1,1,1,very_low,1,1,0,1,0.6533,0.089,0.0887,0.2133,0,0,0,1
RCP01178,Baked Cod,Western,Main Course,Medium,Dinner,1,0,0,0,4.2,521.0,37.2,21.7,22.1,6.3,4.5,618.0,115.0,32,11,29,12,0,1,0,0,0,high,1,1,0,1,0.4329,0.6356,0.6697,0.7822,0,1,1,0
RCP01179,Sushi Roll,Fusion,Fish Dishes,Hot,Lunch,0,0,1,1,4.0,322.0,44.3,17.0,11.0,4.9,2.0,806.0,95.0,31,21,16,34,1,0,0,0,1,low,1,0,0,1,0.571,0.5704,0.627,0.7372,1,1,1,0
RCP01180,Biscuit,Bangladeshi,Snacks,Mild,Breakfast,1,1,1,1,4.9,198.0,9.2,21.9,8.2,5.5,17.2,417.0,7.0,10,28,24,6,0,1,1,0,0,very_low,1,1,1,1,0.6618,0.2004,0.2051,0.3615,1,0,0,1
RCP01181,Aloo Tikki Chaat,Indian,Appetizers,Mild,Lunch,0,0,0,1,3.6,174.0,14.0,30.2,8.2,5.8,8.2,432.0,48.0,21,49,9,32,1,1,1,0,1,very_low,1,0,0,0,0.6798,0.2254,0.2394,0.401,1,0,0,1
RCP01182,Apple Pie,Western,Desserts,Hot,Snack,1,1,0,1,4.1,272.0,6.8,47.3,19.6,3.8,29.4,259.0,30.0,37,24,29,23,0,1,0,1,0,low,1,1,1,1,0.5224,0.2267,0.2234,0.3443,1,0,1,1
RCP01183,Doi Fuchka,Bangladeshi,Street Food,Medium,Lunch,0,0,0,1,4.4,353.0,11.6,34.3,23.6,5.4,11.0,540.0,71.0,16,14,25,10,0,1,0,0,0,medium,1,0,0,0,0.4899,0.3173,0.3177,0.4863,1,1,1,0
RCP01184,Prawn Masala,Indian,Fish Dishes,Mild,Lunch,1,0,0,1,3.7,443.0,33.8,20.1,11.4,3.7,3.1,393.0,99.0,13,39,15,15,1,1,1,1,1,medium,1,1,0,1,0.4841,0.5585,0.5911,0.7258,0,1,1,0
RCP01185,Tzatziki Platter,Fusion,Appetizers,Medium,Snack,1,0,1,1,4.4,228.0,8.4,32.3,8.5,6.7,9.7,449.0,56.0,35,35,25,25,1,1,1,0,1,low,1,1,0,1,0.669,0.2125,0.2143,0.4035,1,0,0,1
RCP01186,Borhani,Bangladeshi,Beverages,Very Hot,Snack,1,0,0,1,3.8,154.0,9.7,6.5,0.6,0.1,19.2,103.0,15.0,10,42,32,33,0,1,1,1,0,very_low,1,1,0,1,0.6214,0.1771,0.185,0.2022,1,0,0,1
RCP01187,Beef Bhuna,Bangladeshi,Main Course,Hot,Lunch,0,0,0,1,3.9,410.0,36.7,52.5,15.5,3.4,8.8,654.0,80.0,32,42,9,30,1,1,1,0,1,medium,1,0,0,0,0.47,0.5621,0.6013,0.7253,0,1,1,0
RCP01188,Herbal Tea,Western,Beverages,Hot,Breakfast,1,0,0,0,3.7,61.0,7.6,18.6,6.6,0.7,12.6,55.0,10.0,12,36,13,15,0,1,1,1,0,very_low,1,1,0,1,0.6439,0.1015,0.1109,0.1342,0,0,0,0
RCP01189,Mujaddara,Fusion,Rice Dishes,Medium,Dinner,0,0,0,0,4.5,312.0,34.6,46.4,18.3,3.8,1.5,808.0,44.0,31,9,9,17,1,0,0,0,1,low,1,0,0,0,0.5102,0.4833,0.5243,0.649,1,1,1,0
RCP01190,Tamarind Rice,Indian,Rice Dishes,Hot,Lunch,0,0,0,1,4.2,532.0,18.2,77.6,7.4,2.5,2.8,575.0,48.0,38,42,21,11,0,1,1,1,1,high,1,0,0,0,0.4396,0.4842,0.486,0.4898,0,1,1,0
RCP01191,Mochi Ice Cream,Fusion,Desserts,Very Hot,Snack,1,0,0,1,4.1,134.0,5.2,64.4,6.3,3.3,33.5,272.0,38.0,12,14,34,34,0,1,1,1,0,very_low,1,1,0,1,0.6612,0.1271,0.1286,0.2238,0,0,0,1
RCP01192,Khichuri,Bangladeshi,Rice Dishes,Medium,Lunch,0,0,0,1,3.7,457.0,19.7,63.5,11.0,3.4,7.1,896.0,58.0,9,37,14,6,1,0,0,0,1,medium,1,0,0,0,0.4735,0.4498,0.4581,0.5773,0,1,1,0
RCP01193,Shrimp Stir Fry,Western,Fish Dishes,Very Hot,Lunch,0,0,0,0,3.8,340.0,41.0,18.0,17.7,1.5,3.7,453.0,58.0,35,17,26,10,1,1,1,1,1,low,1,0,0,1,0.4538,0.5542,0.6043,0.6642,1,1,1,0
RCP01194,Biscuit,Bangladeshi,Snacks,Very Hot,Snack,1,0,0,1,3.6,170.0,8.0,20.1,12.2,2.4,16.8,243.0,11.0,21,46,14,40,0,1,1,1,0,very_low,1,1,0,1,0.5898,0.1729,0.1771,0.2533,1,0,0,1
RCP01195,Kofta,Afghan,Street Food,Mild,Lunch,0,0,0,1,3.7,283.0,14.5,52.1,14.8,4.9,4.1,789.0,62.0,13,29,32,15,1,1,0,0,1,low,1,0,0,0,0.5677,0.2977,0.3067,0.4562,1,0,1,1
RCP01196,Aushak,Afghan,Appetizers,Medium,Lunch,0,0,0,1,4.2,336.0,9.7,31.3,9.4,5.0,5.3,441.0,47.0,15,12,20,20,1,1,1,1,1,low,1,0,0,0,0.5756,0.2908,0.289,0.446,1,1,1,0
RCP01197,Fish and Chips,Western,Fish Dishes,Very Hot,Lunch,0,0,0,0,3.9,264.0,44.1,21.6,8.1,5.8,4.3,672.0,48.0,18,33,5,27,1,1,1,0,1,low,1,0,0,1,0.6354,0.5325,0.5919,0.721,1,0,1,1
RCP01198,Sushi Roll,Fusion,Fish Dishes,Medium,Dinner,0,0,0,0,4.2,406.0,36.9,6.3,7.5,5.1,4.5,405.0,90.0,18,31,13,12,1,1,1,0,1,medium,1,0,0,1,0.554,0.5613,0.601,0.7672,0,1,1,0
RCP01199,Gosh-e-Fil,Afghan,Desserts,Hot,Snack,1,0,0,1,4.0,123.0,5.7,43.6,19.8,1.4,17.6,321.0,53.0,29,48,20,4,0,1,0,1,0,very_low,1,1,0,1,0.5477,0.1244,0.1273,0.174,0,0,0,1
RCP01200,Shingara,Bangladeshi,Appetizers,Hot,Lunch,0,0,1,1,5.0,369.0,19.4,32.4,17.5,2.0,9.1,265.0,51.0,5,24,11,13,1,1,1,1,1,medium,1,0,0,0,0.4505,0.3923,0.4049,0.49,1,1,1,0
RCP01201,Dried Apricots,Afghan,Snacks,Mild,Breakfast,1,0,0,1,5.0,176.0,7.8,26.8,14.0,5.3,7.2,98.0,35.0,32,22,9,40,1,1,1,0,1,very_low,1,1,0,1,0.634,0.175,0.1786,0.3278,1,0,0,1
RCP01202,Mathri,Indian,Snacks,Very Hot,Breakfast,1,0,1,1,4.6,184.0,12.1,23.2,12.2,1.5,13.0,246.0,22.0,34,6,23,5,0,1,1,1,0,very_low,1,1,0,1,0.5648,0.2158,0.2261,0.2812,1,0,0,1
RCP01203,Chicken Handi,Pakistani,Main Course,Medium,Lunch,0,0,0,1,3.9,406.0,48.6,41.1,22.5,9.8,2.6,994.0,75.0,26,37,33,28,1,0,0,0,0,medium,1,0,0,0,0.558,0.6587,0.718,0.9157,0,1,1,0
RCP01204,Risotto,Western,Rice Dishes,Hot,Lunch,1,0,0,0,4.6,476.0,32.8,63.5,13.7,2.8,1.3,505.0,50.0,27,5,34,16,1,1,1,1,1,medium,1,1,0,1,0.4358,0.5708,0.6,0.6807,0,1,1,0
RCP01205,Fish Karahi,Pakistani,Fish Dishes,Very Hot,Dinner,0,0,0,1,4.1,237.0,43.0,20.3,16.9,4.0,5.0,366.0,115.0,17,38,33,36,1,1,1,1,1,low,1,0,0,1,0.5601,0.5065,0.5654,0.658,1,0,0,1
RCP01206,Nimco,Pakistani,Snacks,Very Hot,Snack,1,0,0,1,4.2,253.0,8.6,28.9,10.2,5.3,6.4,356.0,15.0,5,32,25,25,1,1,1,0,1,low,1,1,0,1,0.6183,0.2298,0.2306,0.3872,1,0,1,1
RCP01207,Chilli Chicken Fusion,Fusion,Indo-Chinese,Medium,Lunch,0,0,0,0,3.7,466.0,17.1,32.3,22.7,6.7,14.9,545.0,41.0,9,26,34,12,0,1,0,0,0,medium,1,0,0,0,0.4648,0.4338,0.4373,0.6278,0,1,1,0
RCP01208,Miso Glazed Salmon,Fusion,Fish Dishes,Hot,Lunch,0,0,0,0,3.5,250.0,43.3,17.0,14.2,3.1,3.2,509.0,111.0,28,48,19,25,1,1,1,1,1,low,1,0,0,1,0.5518,0.5171,0.5759,0.6442,1,0,1,1
RCP01209,Narenj Pulao,Afghan,Rice Dishes,Medium,Dinner,0,0,1,1,3.7,381.0,11.4,74.2,23.3,3.2,6.9,579.0,59.0,22,18,28,7,1,1,0,1,0,medium,1,0,0,0,0.4337,0.3331,0.3317,0.448,1,1,1,0
RCP01210,Pesarattu,Indian,Bread,Very Hot,Breakfast,1,0,0,1,3.8,359.0,8.4,40.2,7.5,5.9,5.6,616.0,26.0,9,45,9,19,1,1,1,0,1,medium,1,1,0,1,0.5935,0.2944,0.2891,0.4708,1,1,1,0
RCP01211,Coconut Rice,Indian,Rice Dishes,Mild,Lunch,0,0,0,1,4.8,459.0,23.2,47.4,5.6,3.7,7.0,652.0,30.0,32,24,25,26,1,1,1,0,1,medium,1,0,0,0,0.5109,0.4802,0.4943,0.6185,0,1,1,0
RCP01212,Beef Stir Fry,Western,Main Course,Very Hot,Lunch,0,0,1,0,3.6,618.0,27.3,38.4,28.5,4.1,7.6,866.0,49.0,27,32,17,6,0,0,0,0,0,high,1,0,0,0,0.302,0.6138,0.6261,0.5635,0,1,0,0
RCP01213,Matar Pulao,Pakistani,Rice Dishes,Mild,Dinner,0,0,0,1,3.8,496.0,19.3,51.9,10.9,2.9,1.4,835.0,76.0,5,22,28,31,1,0,0,0,1,medium,1,0,0,0,0.4446,0.4708,0.4764,0.5348,0,1,1,0
RCP01214,Almond Milk,Western,Beverages,Hot,Snack,1,0,1,1,4.6,114.0,1.8,7.2,0.8,2.7,10.0,171.0,19.0,32,19,16,40,1,1,1,1,1,very_low,1,1,0,1,0.6922,0.0862,0.0831,0.1615,0,0,0,1
RCP01215,Hummus Platter,Fusion,Snacks,Very Hot,Snack,1,0,1,1,4.8,138.0,8.8,22.0,11.3,5.1,3.0,373.0,35.0,37,19,26,15,1,1,1,0,1,very_low,1,1,0,1,0.6652,0.1596,0.1669,0.3075,0,0,0,1
RCP01216,Chivda,Indian,Snacks,Hot,Snack,1,0,0,1,5.0,104.0,13.6,10.0,10.7,2.9,3.2,265.0,8.0,38,47,5,9,1,1,1,1,1,very_low,1,1,0,1,0.6418,0.1783,0.1954,0.2778,0,0,0,1
RCP01217,Beef Nihari,Pakistani,Main Course,Medium,Dinner,0,0,0,1,4.6,435.0,34.3,44.8,24.4,9.3,5.0,597.0,86.0,31,15,8,30,1,1,0,0,0,medium,1,0,0,0,0.5221,0.5577,0.5916,0.8655,0,1,1,0
RCP01218,Kishmish,Afghan,Snacks,Mild,Breakfast,1,0,0,1,4.1,265.0,2.4,13.0,7.8,2.8,8.6,430.0,30.0,16,43,7,19,1,1,1,1,1,low,1,1,0,1,0.5767,0.1856,0.1754,0.2707,1,0,1,1
RCP01219,Fish Tikka,Pakistani,Fish Dishes,Hot,Lunch,1,0,0,1,4.0,363.0,31.4,21.7,16.8,1.9,4.9,549.0,67.0,12,7,34,18,1,1,1,1,1,medium,1,1,0,1,0.4557,0.4885,0.5214,0.6035,1,1,1,0
RCP01220,Kachori,Indian,Snacks,Hot,Breakfast,1,0,1,1,3.6,112.0,13.8,29.5,13.0,5.6,4.3,428.0,17.0,28,39,24,31,1,1,1,0,1,very_low,1,1,0,1,0.678,0.185,0.202,0.3527,0,0,0,1
RCP01221,Khameeri Roti,Pakistani,Bread,Hot,Breakfast,1,0,0,1,4.2,337.0,7.9,52.3,13.0,5.5,7.9,301.0,31.0,27,8,11,16,1,1,1,0,1,low,1,1,0,1,0.5635,0.2765,0.2716,0.4412,1,1,1,0
RCP01222,Trail Mix,Fusion,Snacks,Mild,Breakfast,1,0,0,0,4.5,238.0,5.9,12.8,4.9,4.8,7.5,120.0,6.0,27,25,17,21,1,1,1,1,1,low,1,1,0,1,0.6476,0.1979,0.195,0.3377,1,0,0,1
RCP01223,Orange Juice,Western,Beverages,Hot,Snack,1,0,0,0,4.3,100.0,4.0,31.7,6.9,0.5,13.0,92.0,12.0,38,11,6,33,0,1,1,1,0,very_low,1,1,0,1,0.6186,0.0958,0.0971,0.1192,0,0,0,1
RCP01224,Lamb Shorwa,Afghan,Main Course,Hot,Dinner,0,0,0,1,4.3,611.0,45.8,31.7,14.9,9.6,4.1,1122.0,61.0,40,23,25,39,0,0,0,0,1,high,1,0,0,0,0.4971,0.7635,0.8071,0.8327,0,1,0,0
RCP01225,Fereni,Afghan,Desserts,Hot,Snack,1,0,0,1,4.8,117.0,6.6,53.9,25.7,2.6,34.2,158.0,74.0,18,12,29,31,0,1,0,1,0,very_low,1,1,0,1,0.5393,0.1281,0.1329,0.209,0,0,0,1
RCP01226,Mantu,Afghan,Main Course,Medium,Dinner,0,0,0,1,4.5,446.0,35.3,54.0,23.0,9.0,2.3,1103.0,102.0,5,14,35,27,1,0,0,0,0,medium,1,0,0,0,0.519,0.5729,0.6079,0.8753,0,1,1,0
RCP01227,Avocado Toast Bowl,Western,Modern Fusion,Hot,Dinner,0,0,0,0,4.5,362.0,28.3,48.0,26.0,3.1,5.9,520.0,73.0,19,17,8,37,1,1,0,1,0,medium,1,0,0,0,0.425,0.4621,0.4899,0.6018,1,1,1,0
RCP01228,Turmeric Latte,Fusion,Beverages,Medium,Snack,1,0,1,0,4.3,191.0,1.2,36.8,3.8,1.2,18.9,59.0,24.0,37,17,18,35,0,1,1,1,0,very_low,1,1,0,1,0.6057,0.1294,0.1211,0.1693,1,0,0,1
RCP01229,Pine Nut Mix,Afghan,Snacks,Very Hot,Snack,1,0,0,1,4.6,133.0,6.0,25.0,5.2,5.2,6.5,218.0,29.0,40,13,20,28,1,1,1,0,1,very_low,1,1,0,1,0.7063,0.1331,0.136,0.2787,0,0,0,1
RCP01230,Peas Fried Rice,Pakistani,Rice Dishes,Hot,Lunch,0,0,0,1,4.5,316.0,17.9,53.2,12.3,7.0,1.7,745.0,84.0,7,32,26,26,1,1,0,0,1,low,1,0,0,0,0.6082,0.3467,0.3596,0.5647,1,1,1,0
RCP01231,Roti,Pakistani,Bread,Very Hot,Breakfast,1,1,1,1,4.5,305.0,10.1,33.6,6.6,2.9,2.2,347.0,31.0,9,16,11,7,1,1,1,1,1,low,1,1,1,1,0.5659,0.2748,0.2753,0.3768,1,1,1,0
RCP01232,Bhapa Ilish,Bangladeshi,Fish Dishes,Mild,Dinner,0,0,0,1,4.5,278.0,42.2,20.6,4.8,2.2,5.8,557.0,93.0,29,39,22,6,1,1,1,1,1,low,1,0,0,1,0.5762,0.5254,0.5809,0.6403,1,0,1,1
RCP01233,Masala Chai,Indian,Beverages,Very Hot,Snack,1,1,0,1,4.7,128.0,1.9,12.5,1.9,0.5,25.5,156.0,20.0,27,28,13,24,0,1,1,1,0,very_low,1,1,1,1,0.6346,0.0958,0.0921,0.1168,0,0,0,1
RCP01234,Chicken Korma,Afghan,Main Course,Mild,Dinner,0,0,0,1,4.0,523.0,51.4,46.3,34.9,4.2,5.1,928.0,59.0,10,24,35,31,0,0,0,0,0,high,1,0,0,0,0.3131,0.7552,0.8129,0.7563,0,1,1,0
RCP01235,Green Tea,Afghan,Beverages,Hot,Snack,1,0,1,1,4.9,42.0,5.0,9.6,1.1,1.1,16.7,67.0,21.0,7,11,34,16,0,1,1,1,0,very_low,1,1,0,1,0.6944,0.0679,0.074,0.1055,0,0,0,0
RCP01236,Peas Pulao,Indian,Rice Dishes,Medium,Dinner,0,0,0,1,4.3,326.0,30.3,59.7,13.9,7.1,2.0,868.0,79.0,13,49,32,38,1,0,0,0,1,low,1,0,0,0,0.5956,0.4562,0.4893,0.6978,1,1,1,0
RCP01237,Garden Salad,Western,Appetizers,Mild,Lunch,0,0,0,0,4.5,336.0,10.0,48.0,17.7,6.9,10.5,781.0,60.0,39,15,30,4,0,1,0,0,1,low,1,0,0,0,0.5638,0.2933,0.292,0.4965,1,1,1,0
RCP01238,Tehari,Bangladeshi,Rice Dishes,Hot,Lunch,0,0,0,1,4.4,343.0,33.0,62.4,12.9,2.9,1.8,480.0,87.0,36,40,28,11,1,1,1,1,1,low,1,0,0,0,0.5091,0.4894,0.526,0.6312,1,1,1,0
RCP01239,Bagel,Western,Bread,Mild,Breakfast,1,0,0,1,4.0,257.0,9.2,31.7,7.3,3.7,7.0,607.0,1.0,20,20,29,35,1,1,1,0,1,low,1,1,0,1,0.6017,0.2373,0.2389,0.3558,1,0,1,1
RCP01240,Doodh Pati,Pakistani,Beverages,Medium,Breakfast,1,0,1,1,4.2,208.0,9.0,15.7,1.9,0.4,14.7,168.0,5.0,35,48,28,4,0,1,1,1,0,low,1,1,0,1,0.5926,0.205,0.2089,0.2387,1,0,0,1
RCP01241,Fried Fish,Pakistani,Fish Dishes,Hot,Lunch,0,0,0,1,4.5,319.0,46.7,10.1,19.6,1.7,5.4,542.0,78.0,37,44,7,17,1,1,0,1,1,low,1,0,0,1,0.4569,0.5885,0.6493,0.6552,1,1,1,0
RCP01242,Chotpoti,Bangladeshi,Street Food,Very Hot,Lunch,0,0,0,1,4.8,462.0,23.0,55.4,13.9,2.3,8.4,602.0,67.0,31,25,9,30,1,1,1,0,1,medium,1,0,0,0,0.4316,0.4804,0.494,0.5795,0,1,1,0
RCP01243,Prawn Karahi,Pakistani,Fish Dishes,Hot,Dinner,1,1,1,1,3.7,194.0,34.1,11.9,18.0,3.5,5.0,394.0,47.0,2,18,3,36,1,1,1,1,1,very_low,1,1,1,1,0.565,0.4054,0.4519,0.5578,1,0,0,1
RCP01244,Sherbet,Afghan,Beverages,Very Hot,Breakfast,1,0,0,1,3.9,105.0,2.8,25.0,5.5,2.5,15.9,135.0,7.0,5,48,22,21,0,1,1,1,0,very_low,1,1,0,1,0.6645,0.089,0.088,0.1605,0,0,0,1
RCP01245,Mastawa,Afghan,Rice Dishes,Very Hot,Lunch,1,0,1,1,4.1,420.0,10.4,55.8,16.3,7.2,1.1,864.0,53.0,39,4,18,40,1,0,0,0,1,medium,1,1,0,1,0.5362,0.3492,0.344,0.564,0,1,1,0
RCP01246,Doogh,Afghan,Beverages,Mild,Snack,1,0,0,1,3.7,160.0,7.1,20.6,2.9,1.2,31.8,129.0,22.0,9,50,35,33,0,1,1,1,0,very_low,1,1,0,1,0.6266,0.1592,0.1624,0.2077,1,0,0,1
RCP01247,Hibiscus Agua Fresca,Fusion,Beverages,Very Hot,Breakfast,1,0,0,0,4.9,176.0,8.2,16.1,2.8,2.3,15.4,175.0,23.0,9,22,10,12,0,1,1,1,0,very_low,1,1,0,1,0.6412,0.1783,0.1826,0.2568,1,0,0,1
RCP01248,Kombucha,Fusion,Beverages,Medium,Breakfast,1,0,0,0,3.6,94.0,9.7,36.2,2.3,2.5,20.1,78.0,20.0,15,37,11,4,0,1,1,1,0,very_low,1,1,0,1,0.6892,0.1396,0.1507,0.2222,0,0,0,1
RCP01249,Mushroom Risotto,Western,Rice Dishes,Hot,Dinner,0,0,0,1,3.8,373.0,20.9,45.3,13.4,7.5,3.6,814.0,29.0,23,38,12,7,1,0,0,0,1,medium,1,0,0,0,0.5831,0.4073,0.4221,0.6452,1,1,1,0
RCP01250,Mediterranean Platter,Western,Modern Fusion,Very Hot,Dinner,0,0,0,0,5.0,331.0,23.9,47.8,24.4,5.7,2.2,678.0,54.0,26,19,31,35,1,1,0,0,0,low,1,0,0,0,0.5021,0.406,0.4281,0.6022,1,1,1,0
RCP01251,Rui Maach Jhol,Bangladeshi,Fish Dishes,Medium,Lunch,0,0,1,1,4.9,373.0,47.2,8.0,5.5,4.9,1.7,787.0,53.0,36,25,28,4,1,1,0,0,1,medium,1,0,0,1,0.5785,0.6265,0.6851,0.7712,1,1,1,0
RCP01252,Shawarma Bowl,Fusion,Main Course,Very Hot,Dinner,0,0,0,1,4.8,568.0,33.3,50.4,12.9,9.7,2.9,826.0,113.0,5,28,29,39,0,0,0,0,1,high,1,0,0,0,0.5326,0.6325,0.6576,0.7968,0,1,1,0
RCP01253,Hummus Veggies,Western,Snacks,Medium,Breakfast,1,0,1,0,4.0,76.0,5.9,33.3,12.0,5.1,16.6,202.0,29.0,9,14,26,10,0,1,1,0,0,very_low,1,1,0,1,0.692,0.0967,0.1024,0.2372,0,0,0,0
RCP01254,Dahi Bhalle,Pakistani,Appetizers,Medium,Lunch,0,0,0,1,4.7,124.0,19.6,12.3,23.8,6.8,6.4,273.0,35.0,5,15,8,15,1,1,0,0,0,very_low,1,0,0,0,0.6312,0.2408,0.2669,0.4487,0,0,0,1
RCP01255,Grilled Salmon,Western,Fish Dishes,Medium,Dinner,0,0,0,1,4.0,374.0,28.3,5.5,19.5,3.1,2.1,692.0,78.0,9,3,22,15,1,1,0,0,1,medium,1,0,0,1,0.458,0.4696,0.4967,0.6098,1,1,1,0
RCP01256,Seekh Kebab Roll,Pakistani,Street Food,Medium,Lunch,1,0,0,1,4.2,405.0,27.2,53.2,8.8,5.9,3.7,433.0,79.0,38,49,32,23,1,1,1,0,1,medium,1,1,0,1,0.5627,0.4798,0.5034,0.6895,0,1,1,0
RCP01257,Samosa,Pakistani,Appetizers,Medium,Lunch,0,0,0,1,4.0,392.0,19.6,20.5,19.9,2.8,11.8,403.0,30.0,35,7,24,35,0,1,0,1,1,medium,1,0,0,0,0.4406,0.4083,0.42,0.5273,1,1,1,0
RCP01258,Makhana,Pakistani,Snacks,Hot,Breakfast,1,0,0,1,3.8,91.0,4.3,34.9,2.3,1.1,18.0,287.0,28.0,19,24,25,5,0,1,1,1,0,very_low,1,1,0,1,0.6627,0.0927,0.095,0.1312,0,0,0,1
RCP01259,Mastawa,Afghan,Rice Dishes,Hot,Dinner,0,0,1,1,4.7,390.0,34.0,65.5,14.7,3.7,7.0,824.0,70.0,31,26,16,10,1,0,0,0,1,medium,1,0,0,0,0.4908,0.5271,0.5629,0.6925,1,1,1,0
RCP01260,Vegetable Spring Roll,Indian,Appetizers,Medium,Lunch,0,0,0,1,4.9,259.0,16.3,17.4,14.2,7.2,7.3,402.0,31.0,2,14,12,30,1,1,1,0,1,low,1,0,0,0,0.6293,0.2977,0.311,0.5157,1,0,1,1
RCP01261,Harissa Lamb,Fusion,Main Course,Very Hot,Lunch,0,0,1,1,4.7,634.0,47.9,46.6,34.7,3.8,4.5,520.0,99.0,22,33,34,22,0,1,0,1,0,high,1,0,0,0,0.2508,0.7954,0.8413,0.6723,0,1,0,0
RCP01262,Hot Dog,Western,Street Food,Hot,Lunch,1,0,0,0,4.9,444.0,24.5,28.5,18.5,2.6,6.6,1089.0,22.0,4,9,20,38,1,0,0,0,1,medium,1,1,0,1,0.419,0.4817,0.4987,0.606,0,1,1,0
RCP01263,Luchi,Bangladeshi,Bread,Hot,Breakfast,1,0,0,1,4.9,311.0,8.9,47.9,15.9,4.8,6.7,480.0,13.0,25,43,10,40,1,1,1,1,1,low,1,1,0,1,0.5451,0.2685,0.2667,0.4163,1,1,1,0
RCP01264,Hummus Platter,Fusion,Snacks,Mild,Breakfast,1,0,1,1,3.9,79.0,13.3,16.2,3.4,1.7,4.5,269.0,14.0,14,25,9,13,1,1,1,1,1,very_low,1,1,0,1,0.6741,0.1602,0.1781,0.2282,0,0,0,0
RCP01265,Chapli Kebab Paratha,Pakistani,Street Food,Medium,Lunch,0,0,0,1,3.8,485.0,24.4,38.2,24.6,5.2,9.3,921.0,23.0,39,28,16,38,1,0,0,0,0,medium,1,0,0,0,0.4139,0.5065,0.5211,0.6507,0,1,1,0
RCP01266,Masala Naan Pizza,Fusion,Bread,Hot,Breakfast,1,0,0,0,3.9,330.0,9.9,46.3,8.7,5.1,6.8,546.0,39.0,19,10,14,28,1,1,1,0,1,low,1,1,0,1,0.5848,0.2888,0.2876,0.4465,1,1,1,0
RCP01267,Kadai Paneer,Indian,Main Course,Medium,Lunch,1,0,0,1,4.0,571.0,52.8,40.7,10.6,4.1,3.6,915.0,119.0,12,20,22,16,0,0,0,0,1,high,1,1,0,1,0.4329,0.7969,0.8543,0.7218,0,1,1,0
RCP01268,Prawn Malai Curry,Bangladeshi,Main Course,Medium,Dinner,0,0,1,1,4.4,352.0,34.2,41.2,30.0,9.3,9.1,1197.0,80.0,28,6,7,17,1,0,0,0,0,medium,1,0,0,0,0.53,0.505,0.5431,0.8092,1,1,1,0
RCP01269,Appam,Indian,Bread,Medium,Breakfast,1,1,0,1,4.8,279.0,5.7,30.2,8.6,2.8,6.7,465.0,23.0,35,29,34,38,1,1,1,1,1,low,1,1,1,1,0.5649,0.2219,0.2164,0.313,1,0,1,1
RCP01270,Rooh Afza,Pakistani,Beverages,Very Hot,Snack,1,0,0,1,3.8,134.0,2.6,32.7,4.3,2.1,32.6,124.0,24.0,11,2,26,39,0,1,1,1,0,very_low,1,1,0,1,0.6492,0.1054,0.1026,0.1678,0,0,0,1
RCP01271,Chimichurri Steak,Fusion,Main Course,Hot,Dinner,0,0,0,0,3.7,475.0,25.3,25.3,34.9,3.8,4.2,1178.0,63.0,34,2,15,19,1,0,0,0,0,medium,1,0,0,0,0.3291,0.5077,0.5244,0.6313,0,1,1,0
RCP01272,Shir Chai,Afghan,Beverages,Mild,Breakfast,1,0,1,1,4.0,56.0,1.4,30.4,0.2,0.8,4.0,73.0,2.0,28,44,34,40,1,1,1,1,1,very_low,1,1,0,1,0.6868,0.0467,0.046,0.0713,0,0,0,0
RCP01273,Kheer,Indian,Desserts,Medium,Snack,1,0,0,1,4.1,98.0,9.8,51.0,7.0,3.4,32.4,296.0,74.0,37,48,17,29,0,1,1,1,0,very_low,1,1,0,1,0.677,0.1429,0.154,0.2483,0,0,0,1
RCP01274,Halwa,Pakistani,Desserts,Medium,Snack,1,1,0,1,4.3,267.0,5.7,62.7,9.3,2.6,20.8,237.0,45.0,2,36,13,6,0,1,1,1,0,low,1,1,1,1,0.5627,0.2144,0.2096,0.3,1,0,1,1
RCP01275,Fish Tikka,Pakistani,Fish Dishes,Medium,Dinner,1,1,0,1,3.8,238.0,49.6,22.0,5.8,4.6,4.4,631.0,58.0,6,3,34,32,1,1,1,0,1,low,1,1,1,1,0.6382,0.5621,0.632,0.6737,1,0,0,1
RCP01276,Cold Brew,Fusion,Beverages,Mild,Breakfast,1,0,0,0,4.0,136.0,2.5,23.5,7.0,1.4,29.7,72.0,7.0,17,34,7,39,0,1,1,1,0,very_low,1,1,0,1,0.618,0.1058,0.1027,0.1507,0,0,0,1
RCP01277,Egg Omelette,Western,Main Course,Hot,Lunch,0,0,0,0,4.8,525.0,26.4,34.6,17.1,7.3,6.9,1109.0,75.0,40,19,11,27,0,0,0,0,1,high,1,0,0,0,0.4809,0.5481,0.564,0.6965,0,1,1,0
RCP01278,Arroz con Pollo,Fusion,Rice Dishes,Hot,Lunch,0,0,1,1,4.7,510.0,28.0,61.8,19.9,7.8,5.3,620.0,73.0,28,28,35,20,0,1,0,0,1,high,1,0,0,0,0.4816,0.5521,0.5714,0.735,0,1,1,0
RCP01279,Onion Bhaji,Indian,Appetizers,Mild,Snack,0,0,0,1,3.8,172.0,7.8,38.1,19.4,6.6,9.6,277.0,60.0,13,47,16,4,1,1,0,0,1,very_low,1,0,0,0,0.6296,0.1725,0.1763,0.3577,1,0,0,1
RCP01280,Chanay,Pakistani,Snacks,Hot,Snack,1,0,0,1,4.0,169.0,3.6,27.4,4.2,4.9,3.9,271.0,10.0,20,39,3,10,1,1,1,1,1,very_low,1,1,0,1,0.6883,0.1356,0.1326,0.2712,1,0,0,1
RCP01281,Yakhni Pulao,Pakistani,Rice Dishes,Mild,Dinner,0,0,0,1,4.9,527.0,27.8,79.9,10.4,2.5,7.2,470.0,29.0,38,41,32,12,0,1,1,1,1,high,1,0,0,0,0.4241,0.561,0.5791,0.5892,0,1,1,0
RCP01282,Bubble Tea,Fusion,Beverages,Very Hot,Snack,1,0,1,0,4.7,195.0,3.7,12.9,1.4,2.2,31.1,128.0,9.0,36,33,9,17,0,1,1,1,0,very_low,1,1,0,1,0.6381,0.1527,0.1484,0.222,1,0,0,1
RCP01283,Coconut Water,Bangladeshi,Beverages,Hot,Breakfast,1,1,0,1,4.5,163.0,7.5,17.8,0.7,2.1,12.5,102.0,3.0,9,44,25,11,0,1,1,1,0,very_low,1,1,1,1,0.6563,0.1644,0.1681,0.2362,1,0,0,1
RCP01284,Chicken Biryani,Pakistani,Rice,Medium,Lunch,0,0,1,1,4.8,710.0,48.0,72.0,22.0,3.2,4.1,820.0,115.0,8,6,7,18,0,0,0,0,1,very_high,1,0,0,0,0.29,0.82,0.86,0.74,0,0,0,0
RCP01285,Lamb Rogan Josh,Indian,Curry,Hot,Dinner,0,0,1,1,4.6,695.0,52.0,28.0,38.0,4.0,5.2,760.0,130.0,12,10,6,22,0,0,0,0,0,very_high,1,0,0,0,0.31,0.8,0.87,0.76,0,0,0,0
RCP01286,Ribeye Steak with Fries,Western,Grill,Mild,Dinner,0,0,0,0,4.5,720.0,55.0,42.0,32.0,3.5,2.0,680.0,145.0,4,18,5,28,0,0,0,0,0,very_high,1,0,0,0,0.25,0.84,0.88,0.72,0,0,0,0
RCP01287,Vegetable Lasagne,Western,Pasta,Mild,Dinner,1,0,0,1,4.3,680.0,28.0,74.0,26.0,6.0,9.0,640.0,55.0,22,15,28,14,0,1,0,0,1,very_high,1,1,0,1,0.33,0.78,0.72,0.8,0,0,0,0
RCP01288,Mutton Karahi,Pakistani,Curry,Hot,Dinner,0,0,1,1,4.7,705.0,54.0,18.0,44.0,2.5,3.8,890.0,140.0,10,12,8,24,0,0,0,0,0,very_high,1,0,0,0,0.28,0.83,0.89,0.75,0,0,0,0
RCP01289,Paneer Butter Masala with Naan,Indian,Curry,Medium,Lunch,1,0,0,1,4.5,690.0,32.0,65.0,30.0,4.5,8.5,720.0,80.0,18,8,32,12,0,0,0,0,0,very_high,1,1,0,1,0.3,0.79,0.74,0.82,0,0,0,0
RCP01290,Salmon Teriyaki with Rice,Fusion,Seafood,Mild,Dinner,0,0,1,1,4.6,715.0,52.0,58.0,22.0,2.8,10.0,740.0,95.0,6,5,8,14,1,1,1,0,1,very_high,1,0,0,1,0.42,0.76,0.85,0.84,0,0,0,0
RCP01291,Beef Burger with Sweet Potato Fries,Western,Burger,Mild,Lunch,0,0,0,0,4.4,755.0,42.0,70.0,30.0,6.5,12.0,820.0,110.0,35,22,12,20,0,0,0,0,0,very_high,1,0,0,0,0.24,0.85,0.83,0.71,0,0,0,0
RCP01292,Dal Makhani with Rice and Roti,Indian,Lentils,Medium,Dinner,1,0,0,1,4.5,748.0,30.0,90.0,22.0,12.0,5.5,580.0,30.0,14,8,18,26,1,1,1,0,1,very_high,1,1,0,1,0.38,0.77,0.72,0.85,0,0,0,0
RCP01293,Nihari with Naan,Pakistani,Stew,Hot,Dinner,0,0,0,1,4.8,760.0,56.0,52.0,32.0,3.8,4.0,950.0,145.0,6,5,10,30,0,0,0,0,0,very_high,1,0,0,0,0.26,0.86,0.9,0.77,0,0,0,0
RCP01294,Grilled Chicken Wrap with Hummus,Fusion,Wrap,Mild,Lunch,0,0,0,1,4.4,740.0,50.0,58.0,25.0,7.0,5.0,690.0,90.0,16,20,10,18,1,1,0,0,1,very_high,1,0,0,0,0.4,0.78,0.84,0.83,0,0,0,0
RCP01295,Mutton Biryani,Pakistani,Rice,Hot,Lunch,0,0,1,1,4.9,820.0,58.0,78.0,28.0,3.5,5.0,880.0,150.0,8,6,9,26,0,0,0,0,0,very_high,1,0,0,0,0.22,0.9,0.91,0.73,0,0,0,0
RCP01296,Pasta Carbonara,Western,Pasta,Mild,Dinner,1,0,0,1,4.5,810.0,38.0,82.0,34.0,3.0,4.5,720.0,180.0,10,4,18,16,0,0,0,0,0,very_high,1,1,0,1,0.2,0.88,0.82,0.74,0,0,0,0
RCP01297,Peshwari Lamb Chops with Pilau,Afghan,Grill,Medium,Dinner,0,0,1,1,4.7,835.0,62.0,60.0,36.0,3.2,3.5,810.0,160.0,8,8,7,28,0,0,0,0,0,very_high,1,0,0,0,0.23,0.89,0.92,0.76,0,0,0,0
RCP01298,Chickpea and Spinach Curry with Rice,Indian,Curry,Medium,Dinner,1,1,1,1,4.4,800.0,28.0,105.0,18.0,16.0,7.0,520.0,0.0,40,30,22,32,1,1,1,0,1,very_high,1,1,1,1,0.44,0.74,0.7,0.86,0,0,0,0
RCP01299,BBQ Ribs with Coleslaw,Western,Grill,Medium,Dinner,0,0,1,0,4.6,845.0,60.0,40.0,48.0,4.0,18.0,980.0,170.0,6,14,8,20,0,0,0,0,0,very_high,1,0,0,0,0.18,0.91,0.88,0.7,0,0,0,0
RCP01300,Bangladeshi Beef Tehari,Bangladeshi,Rice,Medium,Lunch,0,0,1,1,4.6,790.0,50.0,80.0,24.0,3.0,4.2,820.0,125.0,7,6,8,22,0,0,0,0,1,very_high,1,0,0,0,0.24,0.87,0.88,0.74,0,0,0,0
